;train_TotalF1;train_Accuracy;val_TotalF1;val_Accuracy
0;0.25773963256614524;0.4224364592462752;0.251048415995971;0.4225721784776903
1;0.3588760946511693;0.4469763365468887;0.33401631348204686;0.4304461942257218
2;0.24914020137751608;0.42068361086765993;0.251048415995971;0.4225721784776903
3;0.24914020137751608;0.42068361086765993;0.251048415995971;0.4225721784776903
4;0.24914020137751608;0.42068361086765993;0.251048415995971;0.4225721784776903
5;0.24914020137751608;0.42068361086765993;0.251048415995971;0.4225721784776903
6;0.24914020137751608;0.42068361086765993;0.251048415995971;0.4225721784776903
7;0.24914020137751608;0.42068361086765993;0.251048415995971;0.4225721784776903
8;0.24914020137751608;0.42068361086765993;0.251048415995971;0.4225721784776903
9;0.24914020137751608;0.42068361086765993;0.251048415995971;0.4225721784776903
10;0.24914020137751608;0.42068361086765993;0.251048415995971;0.4225721784776903
11;0.24914020137751608;0.42068361086765993;0.251048415995971;0.4225721784776903
12;0.24914020137751608;0.42068361086765993;0.251048415995971;0.4225721784776903
13;0.24914020137751608;0.42068361086765993;0.251048415995971;0.4225721784776903
14;0.24914020137751608;0.42068361086765993;0.251048415995971;0.4225721784776903
15;0.24914020137751608;0.42068361086765993;0.251048415995971;0.4225721784776903
16;0.24914020137751608;0.42068361086765993;0.251048415995971;0.4225721784776903
17;0.2529349715626786;0.4224364592462752;0.26782174776470763;0.4304461942257218
18;0.24914020137751608;0.42068361086765993;0.26231026677220903;0.42782152230971127
19;0.41293607434725316;0.5153374233128835;0.41301491132394036;0.5118110236220472
20;0.4488045638231625;0.5416301489921121;0.453716346253364;0.5433070866141733
21;0.44541114773444457;0.5390008764241893;0.4465063488685536;0.5380577427821522
22;0.4412818048437942;0.5354951796669588;0.4383919223211853;0.5301837270341208
23;0.4324614721366044;0.5284837861524978;0.4355245165465555;0.5275590551181102
24;0.43401249616189325;0.5311130587204207;0.4176090688411636;0.5144356955380578
25;0.4294305641742479;0.5276073619631901;0.4071905684835647;0.5065616797900262
26;0.42509784876784235;0.5241016652059597;0.40918597817587793;0.5091863517060368
27;0.41422310671974033;0.516213847502191;0.392838106785498;0.49606299212598426
28;0.4127979382568253;0.5144609991235758;0.38926712177541006;0.49606299212598426
29;0.408620707305906;0.5118317265556529;0.3816676165586921;0.49081364829396323
30;0.40256792641438766;0.5074496056091148;0.3717992792227164;0.48556430446194226
31;0.3913951828281715;0.49956178790534617;0.37197262106942514;0.48556430446194226
32;0.4293146143164286;0.5267309377738826;0.445106275381506;0.5380577427821522
33;0.4265116759830521;0.5241016652059597;0.4352455943007124;0.5301837270341208
34;0.4485949959151495;0.5416301489921121;0.4575567442478842;0.5459317585301837
35;0.44579245454790867;0.5390008764241893;0.45973030458038117;0.5485564304461942
36;0.4440349929842163;0.5381244522348817;0.4566491688538933;0.5459317585301837
37;0.44106816908336904;0.5354951796669588;0.4535433070866142;0.5433070866141733
38;0.43689165772840555;0.5319894829097284;0.44725556846377806;0.5380577427821522
39;0.43671094841633396;0.5319894829097284;0.4493953910560925;0.5406824146981627
40;0.43256655846175995;0.5284837861524978;0.44620211902230117;0.5380577427821522
41;0.42904733689021923;0.5258545135845749;0.4352455943007124;0.5301837270341208
42;0.4258013789900913;0.523225241016652;0.4285264384004145;0.5249343832020997
43;0.42478143798565576;0.5223488168273445;0.4251215775272519;0.5223097112860893
44;0.42478143798565576;0.5223488168273445;0.4251215775272519;0.5223097112860893
45;0.41978003227334276;0.5188431200701139;0.4216857555266753;0.5196850393700787
46;0.4187338403690216;0.5179666958808063;0.43856101641240974;0.5328083989501312
47;0.41564946419574317;0.516213847502191;0.4373417273960918;0.5328083989501312
48;0.41574479263251257;0.516213847502191;0.4373417273960918;0.5328083989501312
49;0.4130668588428012;0.5153374233128835;0.4373417273960918;0.5328083989501312
50;0.4114986423703574;0.5127081507449606;0.4131923268627566;0.5144356955380578
51;0.4434641197465894;0.5381244522348817;0.44826777110241683;0.5380577427821522
52;0.43931526607608085;0.5346187554776511;0.44826777110241683;0.5380577427821522
53;0.4394168158764827;0.5346187554776511;0.44194885475381157;0.5328083989501312
54;0.43737332956072966;0.5328659070990359;0.4355245165465555;0.5275590551181102
55;0.4352152756666938;0.5311130587204207;0.4355245165465555;0.5275590551181102
56;0.4354185663350261;0.5311130587204207;0.4376267781342147;0.5301837270341208
57;0.43433344861552126;0.530236634531113;0.4343626227545895;0.5275590551181102
58;0.4324614721366044;0.5284837861524978;0.4277493804487915;0.5223097112860893
59;0.43146891001394366;0.5276073619631901;0.42101930741345717;0.5170603674540682
60;0.4289609751241305;0.5258545135845749;0.4179304645508344;0.5144356955380578
61;0.4290607610444281;0.5258545135845749;0.41099711020970864;0.5091863517060368
62;0.42573577281891983;0.523225241016652;0.41099711020970864;0.5091863517060368
63;0.4265116759830521;0.5241016652059597;0.41301491132394036;0.5118110236220472
64;0.42398637376042675;0.5223488168273445;0.414479707784385;0.5118110236220472
65;0.42500925230128034;0.523225241016652;0.41651101427313614;0.5144356955380578
66;0.4256823229540759;0.5241016652059597;0.4254701661962719;0.5223097112860893
67;0.4223196353964074;0.5214723926380368;0.4185477645465095;0.5170603674540682
68;0.4212837604267337;0.5205959684487291;0.4114952498407578;0.5118110236220472
69;0.4258742733178189;0.5241016652059597;0.40948600484861053;0.5091863517060368
70;0.4269906532242623;0.5249780893952674;0.40918597817587793;0.5091863517060368
71;0.4281038505289777;0.5258545135845749;0.40918597817587793;0.5091863517060368
72;0.42708953808589234;0.5249780893952674;0.40918597817587793;0.5091863517060368
73;0.44521173035727274;0.5398773006134969;0.4380460470584782;0.5301837270341208
74;0.44405248843311756;0.5390008764241893;0.4383919223211853;0.5301837270341208
75;0.44881963114700396;0.5425065731814198;0.44687466114363344;0.5380577427821522
76;0.44881963114700396;0.5425065731814198;0.4458189150386716;0.5380577427821522
77;0.44881963114700396;0.5425065731814198;0.4458189150386716;0.5380577427821522
78;0.44881963114700396;0.5425065731814198;0.4458189150386716;0.5380577427821522
79;0.44881963114700396;0.5425065731814198;0.4458189150386716;0.5380577427821522
80;0.4513844773359669;0.5451358457493427;0.4458189150386716;0.5380577427821522
81;0.47202315798439387;0.5635407537248028;0.46877619318564206;0.5564304461942258
82;0.4729959776557172;0.5644171779141104;0.46877619318564206;0.5564304461942258
83;0.4722841708086646;0.5635407537248028;0.46801558619762196;0.5564304461942258
84;0.4713122472702262;0.5626643295354952;0.47095312040461185;0.5590551181102362
85;0.4723782167464338;0.5626643295354952;0.47706503612620293;0.5643044619422573
86;0.47142030651166617;0.5617879053461875;0.47706503612620293;0.5643044619422573
87;0.47142030651166617;0.5617879053461875;0.47706503612620293;0.5643044619422573
88;0.4724782554521572;0.5626643295354952;0.4796404312121929;0.5669291338582677
89;0.4715199212806113;0.5617879053461875;0.4796404312121929;0.5669291338582677
90;0.4715199212806113;0.5617879053461875;0.4796404312121929;0.5669291338582677
91;0.4715199212806113;0.5617879053461875;0.4796404312121929;0.5669291338582677
92;0.47308971418888346;0.5635407537248028;0.4792572570219767;0.5669291338582677
93;0.47308971418888346;0.5635407537248028;0.4792572570219767;0.5669291338582677
94;0.4736555775816625;0.5644171779141104;0.481734432037881;0.5695538057742782
95;0.47390335178687004;0.5644171779141104;0.48210883741102867;0.5695538057742782
96;0.47390335178687004;0.5644171779141104;0.48210883741102867;0.5695538057742782
97;0.47390335178687004;0.5644171779141104;0.48249565819197965;0.5695538057742782
98;0.47390335178687004;0.5644171779141104;0.48249565819197965;0.5695538057742782
99;0.47425026317900937;0.5644171779141104;0.48249565819197965;0.5695538057742782
100;0.47520561206986567;0.5652936021034181;0.48249565819197965;0.5695538057742782
101;0.4747204186976617;0.5652936021034181;0.48210883741102867;0.5695538057742782
102;0.4747204186976617;0.5652936021034181;0.48210883741102867;0.5695538057742782
103;0.4747204186976617;0.5652936021034181;0.48210883741102867;0.5695538057742782
104;0.4747204186976617;0.5652936021034181;0.48210883741102867;0.5695538057742782
105;0.47390335178687004;0.5644171779141104;0.48210883741102867;0.5695538057742782
106;0.4748612778643655;0.5652936021034181;0.48210883741102867;0.5695538057742782
107;0.4729432800547185;0.5635407537248028;0.48210883741102867;0.5695538057742782
108;0.4719810500731015;0.5626643295354952;0.48210883741102867;0.5695538057742782
109;0.4704602576740902;0.5609114811568799;0.4792572570219767;0.5669291338582677
110;0.47385192285541133;0.5635407537248028;0.4820069821369416;0.5695538057742782
111;0.47385192285541133;0.5635407537248028;0.4820069821369416;0.5695538057742782
112;0.47385192285541133;0.5635407537248028;0.4820069821369416;0.5695538057742782
113;0.47385192285541133;0.5635407537248028;0.4820069821369416;0.5695538057742782
114;0.4783146104624956;0.5670464504820333;0.4908812027370075;0.5774278215223098
115;0.48080442475580654;0.5696757230499562;0.49053222307813305;0.5774278215223098
116;0.4798880695802533;0.5687992988606485;0.49053222307813305;0.5774278215223098
117;0.481718940676086;0.5705521472392638;0.4883295007394666;0.5748031496062992
118;0.48009027873853877;0.5687992988606485;0.4883295007394666;0.5748031496062992
119;0.48263162794043035;0.5714285714285714;0.49053222307813305;0.5774278215223098
120;0.481718940676086;0.5705521472392638;0.49053222307813305;0.5774278215223098
121;0.481718940676086;0.5705521472392638;0.49053222307813305;0.5774278215223098
122;0.481718940676086;0.5705521472392638;0.49053222307813305;0.5774278215223098
123;0.48080442475580654;0.5696757230499562;0.49053222307813305;0.5774278215223098
124;0.4818072045797689;0.5705521472392638;0.49053222307813305;0.5774278215223098
125;0.4818072045797689;0.5705521472392638;0.49053222307813305;0.5774278215223098
126;0.4818072045797689;0.5705521472392638;0.49053222307813305;0.5774278215223098
127;0.48165999077077143;0.5705521472392638;0.49373747840123605;0.5800524934383202
128;0.48074893479059677;0.5696757230499562;0.49373747840123605;0.5800524934383202
129;0.4826536267057615;0.5714285714285714;0.4910417956915091;0.5774278215223098
130;0.4826536267057615;0.5714285714285714;0.4910417956915091;0.5774278215223098
131;0.48174408310904954;0.5705521472392638;0.4910417956915091;0.5774278215223098
132;0.4808327381387733;0.5696757230499562;0.4910417956915091;0.5774278215223098
133;0.4808327381387733;0.5696757230499562;0.4910417956915091;0.5774278215223098
134;0.48163191472143424;0.5705521472392638;0.4910417956915091;0.5774278215223098
135;0.48163191472143424;0.5705521472392638;0.4910417956915091;0.5774278215223098
136;0.48518374506362305;0.5740578439964943;0.4910417956915091;0.5774278215223098
137;0.4850980612792958;0.5740578439964943;0.4910417956915091;0.5774278215223098
138;0.4860027359249846;0.574934268185802;0.4910417956915091;0.5774278215223098
139;0.4860027359249846;0.574934268185802;0.4910417956915091;0.5774278215223098
140;0.4860027359249846;0.574934268185802;0.4910417956915091;0.5774278215223098
141;0.4860027359249846;0.574934268185802;0.4910417956915091;0.5774278215223098
142;0.4860027359249846;0.574934268185802;0.4910417956915091;0.5774278215223098
143;0.4859180189745682;0.574934268185802;0.4910417956915091;0.5774278215223098
144;0.4859180189745682;0.574934268185802;0.4910417956915091;0.5774278215223098
145;0.488620764117716;0.5775635407537248;0.4910417956915091;0.5774278215223098
146;0.488620764117716;0.5775635407537248;0.4910417956915091;0.5774278215223098
147;0.488620764117716;0.5775635407537248;0.4910417956915091;0.5774278215223098
148;0.48520240030897943;0.5740578439964943;0.4954641454457873;0.5826771653543307
149;0.48501360968410195;0.5740578439964943;0.4954641454457873;0.5826771653543307
150;0.48501360968410195;0.5740578439964943;0.4954641454457873;0.5826771653543307
151;0.4831994887806989;0.5723049956178791;0.49817273447105836;0.5853018372703412
152;0.4842987298087107;0.5731814198071867;0.49817273447105836;0.5853018372703412
153;0.48501360968410195;0.5740578439964943;0.49817273447105836;0.5853018372703412
154;0.48520240030897943;0.5740578439964943;0.4978230483574798;0.5853018372703412
155;0.48520240030897943;0.5740578439964943;0.4978230483574798;0.5853018372703412
156;0.48503815135379724;0.5740578439964943;0.4978230483574798;0.5853018372703412
157;0.4851196645722412;0.5740578439964943;0.49561141267386444;0.5826771653543307
158;0.4851196645722412;0.5740578439964943;0.49561141267386444;0.5826771653543307
159;0.4851196645722412;0.5740578439964943;0.4978230483574798;0.5853018372703412
160;0.4895598603866349;0.5784399649430324;0.5007425116651715;0.5879265091863517
161;0.4895598603866349;0.5784399649430324;0.5007425116651715;0.5879265091863517
162;0.4895598603866349;0.5784399649430324;0.5010591776313326;0.5879265091863517
163;0.4895598603866349;0.5784399649430324;0.5010591776313326;0.5879265091863517
164;0.49044711768183014;0.5793163891323401;0.5010591776313326;0.5879265091863517
165;0.49044711768183014;0.5793163891323401;0.5010591776313326;0.5879265091863517
166;0.49438172664654884;0.5836985100788782;0.503369511243527;0.5905511811023622
167;0.49643998862106686;0.5845749342681859;0.5007425116651715;0.5879265091863517
168;0.49651460839196776;0.5845749342681859;0.5007425116651715;0.5879265091863517
169;0.49739445934402093;0.5854513584574934;0.5007425116651715;0.5879265091863517
170;0.5008008439855407;0.5880806310254163;0.4981004565623752;0.5853018372703412
171;0.500874991136488;0.5880806310254163;0.4984153113985694;0.5853018372703412
172;0.5057537105301855;0.5933391761612621;0.5007425116651715;0.5879265091863517
173;0.5048845817620939;0.5924627519719544;0.5040739417336065;0.5905511811023622
174;0.5057537105301855;0.5933391761612621;0.5010591776313326;0.5879265091863517
175;0.5073500774342364;0.5950920245398773;0.5067024043246338;0.5931758530183727
176;0.5074181952740568;0.5950920245398773;0.5067024043246338;0.5931758530183727
177;0.5080816330626133;0.595968448729185;0.5089631550595363;0.5958005249343832
178;0.5123164382282178;0.6012269938650306;0.5070705476620182;0.5931758530183727
179;0.5114686643368601;0.6003505696757231;0.5092947783236498;0.5958005249343832
180;0.5123780001438469;0.6012269938650306;0.5068136979527145;0.5931758530183727
181;0.5123780001438469;0.6012269938650306;0.5092947783236498;0.5958005249343832
182;0.5114083653876296;0.6003505696757231;0.5070705476620182;0.5931758530183727
183;0.5151323225911404;0.6029798422436459;0.5020301280149654;0.5879265091863517
184;0.5151323225911404;0.6029798422436459;0.5020301280149654;0.5879265091863517
185;0.5151323225911404;0.6029798422436459;0.5020301280149654;0.5879265091863517
186;0.5151323225911404;0.6029798422436459;0.5020301280149654;0.5879265091863517
187;0.5151323225911404;0.6029798422436459;0.5020301280149654;0.5879265091863517
188;0.5151935875502021;0.6029798422436459;0.5020301280149654;0.5879265091863517
189;0.5142855147096139;0.6021034180543383;0.5020301280149654;0.5879265091863517
190;0.5142255092135767;0.6021034180543383;0.5020301280149654;0.5879265091863517
191;0.5174876125234618;0.6056091148115688;0.5065677979063806;0.5931758530183727
192;0.5174876125234618;0.6056091148115688;0.5065677979063806;0.5931758530183727
193;0.5167652770170491;0.6047326906222612;0.5065677979063806;0.5931758530183727
194;0.5156341977971315;0.6047326906222612;0.5065677979063806;0.5931758530183727
195;0.5156341977971315;0.6047326906222612;0.5065677979063806;0.5931758530183727
196;0.5156341977971315;0.6047326906222612;0.5065677979063806;0.5931758530183727
197;0.5156341977971315;0.6047326906222612;0.5065677979063806;0.5931758530183727
198;0.5156341977971315;0.6047326906222612;0.5065677979063806;0.5931758530183727
199;0.5171087364571527;0.6047326906222612;0.5065677979063806;0.5931758530183727
200;0.5171087364571527;0.6047326906222612;0.5065677979063806;0.5931758530183727
201;0.5171087364571527;0.6047326906222612;0.5065677979063806;0.5931758530183727
202;0.5216005187384181;0.6064855390008764;0.5054056683434134;0.5905511811023622
203;0.5224769470909476;0.6091148115687993;0.5079242143912339;0.5931758530183727
204;0.5377090801921925;0.6143733567046451;0.5111757339913455;0.5931758530183727
205;0.5486844805455023;0.6196319018404908;0.5095977001385623;0.5905511811023622
206;0.5486844805455023;0.6196319018404908;0.5095977001385623;0.5905511811023622
207;0.5523033026974896;0.621384750219106;0.5095977001385623;0.5905511811023622
208;0.5523033026974896;0.621384750219106;0.5095977001385623;0.5905511811023622
209;0.5532014050210993;0.621384750219106;0.5156033081591035;0.5931758530183727
210;0.5532014050210993;0.621384750219106;0.5156033081591035;0.5931758530183727
211;0.5520505734917147;0.6222611744084137;0.5148085624504971;0.5931758530183727
212;0.5586583934780979;0.6248904469763366;0.5210944943999541;0.5958005249343832
213;0.5595044069127579;0.6257668711656442;0.5154052567149102;0.5931758530183727
214;0.5555206722452708;0.621384750219106;0.5154052567149102;0.5931758530183727
215;0.5579563522455631;0.6231375985977213;0.5154052567149102;0.5931758530183727
216;0.5528687083797701;0.6196319018404908;0.5236232591615002;0.5984251968503937
217;0.5528687083797701;0.6196319018404908;0.5236232591615002;0.5984251968503937
218;0.5596139773664259;0.6240140227870289;0.5236232591615002;0.5984251968503937
219;0.5596139773664259;0.6240140227870289;0.5210944943999541;0.5958005249343832
220;0.5620226076794252;0.6240140227870289;0.5249962665238234;0.5958005249343832
221;0.568166436132877;0.6266432953549518;0.5248033826806062;0.5958005249343832
222;0.5666947311126556;0.6257668711656442;0.5194427321236395;0.5931758530183727
223;0.5625454514433189;0.6231375985977213;0.5219694474149509;0.5958005249343832
224;0.5626216249446008;0.6222611744084137;0.5219694474149509;0.5958005249343832
225;0.5643012312327377;0.6231375985977213;0.5219694474149509;0.5958005249343832
226;0.5694445471916347;0.6266432953549518;0.5219694474149509;0.5958005249343832
227;0.5694834381365864;0.6266432953549518;0.5219694474149509;0.5958005249343832
228;0.5694641902091725;0.6257668711656442;0.5343208366030104;0.5984251968503937
229;0.5718389568476671;0.6275197195442594;0.5360980228077081;0.6010498687664042
230;0.5769095086737074;0.6301489921121823;0.5493963544194392;0.6062992125984252
231;0.5785387203836656;0.6301489921121823;0.5471876012498587;0.6036745406824147
232;0.5776453716319615;0.6292725679228747;0.5470067306589651;0.6036745406824147
233;0.5776043179700202;0.6292725679228747;0.5470067306589651;0.6036745406824147
234;0.5860998410697963;0.635407537248028;0.5608597705774583;0.6167979002624672
235;0.5853643898883927;0.6345311130587205;0.5560877548631427;0.6115485564304461
236;0.5824923096499763;0.6327782646801051;0.5586459176389901;0.6141732283464567
237;0.5838477273332302;0.6336546888694128;0.5588227071117586;0.6141732283464567
238;0.5899499271917299;0.6371603856266433;0.5635792448846559;0.6167979002624672
239;0.5936598513950492;0.6397896581945661;0.5635792448846559;0.6167979002624672
240;0.596077037827872;0.6406660823838738;0.5733956634855765;0.6194225721784777
241;0.5975354326002458;0.6415425065731815;0.5735932037019555;0.6194225721784777
242;0.6007917060548412;0.6441717791411042;0.5762872233563398;0.6194225721784777
243;0.6022742471178993;0.6450482033304119;0.5781683476178053;0.6220472440944882
244;0.6022742471178993;0.6450482033304119;0.5762872233563398;0.6194225721784777
245;0.6015707628187896;0.6441717791411042;0.5737569296212701;0.6194225721784777
246;0.5990484425956092;0.6432953549517967;0.5714996023973473;0.6167979002624672
247;0.6039959203029907;0.6450482033304119;0.5759421324657475;0.6194225721784777
248;0.6057225648137687;0.6468010517090271;0.5737565845188729;0.6167979002624672
249;0.6065841187167442;0.6476774758983348;0.5760102989022458;0.6194225721784777
250;0.6110064987937834;0.6503067484662577;0.5736215334979604;0.6167979002624672
251;0.613660821502939;0.6503067484662577;0.5781218041002404;0.6194225721784777
252;0.6150621380461966;0.6511831726555652;0.582431937163791;0.6220472440944882
253;0.6150621380461966;0.6511831726555652;0.582570583683458;0.6220472440944882
254;0.6150410747848103;0.6511831726555652;0.582570583683458;0.6220472440944882
255;0.6195093742843537;0.6555652936021035;0.5779905050898293;0.6194225721784777
256;0.6181778943563591;0.6546888694127958;0.5804286572971226;0.6220472440944882
257;0.616117698993675;0.6529360210341806;0.5805489207528991;0.6220472440944882
258;0.6136088221714752;0.6511831726555652;0.5805489207528991;0.6220472440944882
259;0.613981454835483;0.6511831726555652;0.5880395743169772;0.6299212598425197
260;0.6161387093004689;0.6529360210341806;0.5880395743169772;0.6299212598425197
261;0.6146721606426423;0.6520595968448729;0.5880395743169772;0.6299212598425197
262;0.6243919305394641;0.6573181419807187;0.5855131156787143;0.6272965879265092
263;0.6242025440470155;0.6573181419807187;0.5856330227123472;0.6272965879265092
264;0.6196259816814957;0.6529360210341806;0.5880395743169772;0.6299212598425197
265;0.6194475173179783;0.6538124452234881;0.59055579118184;0.6325459317585301
266;0.6236615770483743;0.656441717791411;0.59055579118184;0.6325459317585301
267;0.624339937085221;0.656441717791411;0.5948929984899664;0.6351706036745407
268;0.632464838673229;0.6608238387379491;0.5912347296794086;0.6299212598425197
269;0.6318332850113269;0.6599474145486416;0.588713701463087;0.6272965879265092
270;0.6321247152185246;0.6608238387379491;0.5962470597911013;0.6351706036745407
271;0.6342628251740217;0.6625766871165644;0.5937457827111295;0.6325459317585301
272;0.6354375747319141;0.6617002629272568;0.5870622968903682;0.6220472440944882
273;0.6350930579954237;0.6608238387379491;0.5976090651006286;0.6299212598425197
274;0.6384894614234079;0.663453111305872;0.5952710260578161;0.6272965879265092
275;0.6373455911683469;0.6617002629272568;0.6058899169146119;0.6351706036745407
276;0.6400479424232443;0.6643295354951797;0.6035274511154817;0.6325459317585301
277;0.6425582184664161;0.6652059596844873;0.6014951135144367;0.6299212598425197
278;0.6410571172679587;0.663453111305872;0.6051432097012783;0.6325459317585301
279;0.6427244074761028;0.6652059596844873;0.6054822062178925;0.6325459317585301
280;0.6480517522607877;0.6695880806310254;0.6031016561347251;0.6299212598425197
281;0.6459861682612219;0.6669588080631026;0.604623283461149;0.6299212598425197
282;0.6447429216730474;0.6660823838737949;0.6070305122753457;0.6325459317585301
283;0.6492181696094844;0.6695880806310254;0.6095895929365802;0.6351706036745407
284;0.650217818857733;0.670464504820333;0.6095895929365802;0.6351706036745407
285;0.6478459071049483;0.6678352322524101;0.6095895929365802;0.6351706036745407
286;0.6515605911556136;0.6713409290096407;0.6075303683557357;0.6325459317585301
287;0.6509025700241704;0.670464504820333;0.6124410593474263;0.6377952755905512
288;0.651633199789693;0.6713409290096407;0.6159127650027353;0.6404199475065617
289;0.6553141852158412;0.6748466257668712;0.6162138031344037;0.6404199475065617
290;0.6577135947775136;0.6765994741454864;0.6162138031344037;0.6404199475065617
291;0.6580169662281057;0.6765994741454864;0.6162138031344037;0.6404199475065617
292;0.6615638980957834;0.6792287467134093;0.6237685145023835;0.6456692913385826
293;0.6655162209483853;0.6818580192813322;0.6275556323799407;0.6482939632545932
294;0.6654061382627167;0.6818580192813322;0.6275556323799407;0.6482939632545932
295;0.666330723877647;0.6818580192813322;0.6287243516048098;0.6482939632545932
296;0.6645930014595076;0.6801051709027169;0.6287243516048098;0.6482939632545932
297;0.6634020326556853;0.6792287467134093;0.6311731527386237;0.6509186351706037
298;0.6665895376876242;0.6818580192813322;0.6311731527386237;0.6509186351706037
299;0.6654454091421305;0.6809815950920245;0.6311731527386237;0.6509186351706037
300;0.6665810889379908;0.6818580192813322;0.6288415088889456;0.6482939632545932
301;0.6709881894152403;0.6853637160385626;0.6322931322305485;0.6509186351706037
302;0.6728966538007759;0.6871165644171779;0.6326431420633093;0.6509186351706037
303;0.6729946407220099;0.6871165644171779;0.6302499198451355;0.6482939632545932
304;0.6713829243679785;0.6853637160385626;0.6267439184418562;0.6430446194225722
305;0.6743734318681504;0.6879929886064855;0.6206820366040325;0.6377952755905512
306;0.6747316784137686;0.6879929886064855;0.6279644021770007;0.6430446194225722
307;0.6767011215860089;0.6897458369851008;0.6255585095506044;0.6404199475065617
308;0.6744830129717668;0.6879929886064855;0.6255585095506044;0.6404199475065617
309;0.6755955229124263;0.6888694127957932;0.6255585095506044;0.6404199475065617
310;0.6770299693736677;0.6897458369851008;0.6233917472301761;0.6377952755905512
311;0.6743070519241281;0.6871165644171779;0.6232556638913255;0.6377952755905512
312;0.673789217306879;0.6862401402278703;0.6255585095506044;0.6404199475065617
313;0.6745451770305475;0.6871165644171779;0.6255585095506044;0.6404199475065617
314;0.6756446370073416;0.6879929886064855;0.6255585095506044;0.6404199475065617
315;0.6768461523694511;0.6888694127957932;0.6255585095506044;0.6404199475065617
316;0.6777329092408017;0.6897458369851008;0.6220340266132299;0.6377952755905512
317;0.676635354456495;0.6888694127957932;0.6218922640107133;0.6377952755905512
318;0.6779403229658383;0.6897458369851008;0.6254294107183392;0.6404199475065617
319;0.6786212413674642;0.6906222611744084;0.6218922640107133;0.6377952755905512
320;0.6790059954283333;0.6906222611744084;0.6232556638913255;0.6377952755905512
321;0.6808551432501188;0.6923751095530236;0.6231521391759373;0.6377952755905512
322;0.6827042910719042;0.694127957931639;0.6232926699598068;0.6377952755905512
323;0.6835695061476815;0.6950043821209465;0.6232926699598068;0.6377952755905512
324;0.6797553378273156;0.6906222611744084;0.6235409392368293;0.6377952755905512
325;0.6815983108465932;0.6923751095530236;0.6235409392368293;0.6377952755905512
326;0.6831223433686441;0.694127957931639;0.6213812859085089;0.6351706036745407
327;0.6840346792851308;0.6950043821209465;0.6235409392368293;0.6377952755905512
328;0.6833475933275254;0.694127957931639;0.6247393918264881;0.6377952755905512
329;0.6825171920522966;0.6932515337423313;0.6247393918264881;0.6377952755905512
330;0.6839844642265367;0.694127957931639;0.6249006638675145;0.6377952755905512
331;0.6838511160411471;0.694127957931639;0.6249006638675145;0.6377952755905512
332;0.6823319103491483;0.6923751095530236;0.6249006638675145;0.6377952755905512
333;0.68201587037667;0.6923751095530236;0.6224576209741738;0.6351706036745407
334;0.6852201265866125;0.6950043821209465;0.6224576209741738;0.6351706036745407
335;0.6829399336265001;0.6923751095530236;0.625472421275008;0.6377952755905512
336;0.6832399474363989;0.6923751095530236;0.6211445577435719;0.6325459317585301
337;0.6839964889359649;0.6932515337423313;0.6233086450128769;0.6351706036745407
338;0.6839964889359649;0.6932515337423313;0.6178568026396802;0.6299212598425197
339;0.6847588396113474;0.694127957931639;0.6233086450128769;0.6351706036745407
340;0.6863157705650371;0.6958808063102542;0.6233086450128769;0.6351706036745407
341;0.68556006592622;0.6950043821209465;0.6257698923970768;0.6377952755905512
342;0.6843678284591136;0.694127957931639;0.6293073279762217;0.6404199475065617
343;0.6839395747491208;0.6932515337423313;0.6293073279762217;0.6404199475065617
344;0.6839032891666645;0.6932515337423313;0.6265838190424535;0.6377952755905512
345;0.6831724679295424;0.6923751095530236;0.6268394834194267;0.6377952755905512
346;0.6842308103245749;0.6932515337423313;0.6243643786950873;0.6351706036745407
347;0.6842308103245749;0.6932515337423313;0.6243643786950873;0.6351706036745407
348;0.6851271076415774;0.694127957931639;0.6243643786950873;0.6351706036745407
349;0.6872298337949106;0.6958808063102542;0.6243643786950873;0.6351706036745407
350;0.6872298337949106;0.6958808063102542;0.622203301541363;0.6325459317585301
351;0.6861762510367864;0.6950043821209465;0.622203301541363;0.6325459317585301
352;0.6851271076415774;0.694127957931639;0.6275932292032311;0.6377952755905512
353;0.6840755237931109;0.6932515337423313;0.6275932292032311;0.6377952755905512
354;0.6872229737885887;0.6958808063102542;0.6275932292032311;0.6377952755905512
355;0.6888972760366848;0.6976336546888694;0.622203301541363;0.6325459317585301
356;0.687087990546738;0.6958808063102542;0.6189625917972374;0.6299212598425197
357;0.689081975077411;0.6976336546888694;0.621110997028351;0.6325459317585301
358;0.6901229320225637;0.6985100788781771;0.622203301541363;0.6325459317585301
359;0.6922059099843803;0.7002629272567923;0.622203301541363;0.6325459317585301
360;0.6924371942774048;0.7002629272567923;0.622203301541363;0.6325459317585301
361;0.6908661642901682;0.6985100788781771;0.6189625917972374;0.6299212598425197
362;0.6916350911614277;0.6993865030674846;0.6189625917972374;0.6299212598425197
363;0.6922059099843803;0.7002629272567923;0.6218816753140355;0.6325459317585301
364;0.6932482659272977;0.7011393514461;0.6186390635456855;0.6299212598425197
365;0.6906020941994059;0.6985100788781771;0.6218816753140355;0.6325459317585301
366;0.6906294729681185;0.6985100788781771;0.6218816753140355;0.6325459317585301
367;0.6898625453377999;0.6976336546888694;0.6218816753140355;0.6325459317585301
368;0.6906655720291115;0.6985100788781771;0.6218816753140355;0.6325459317585301
369;0.6927268792597703;0.7002629272567923;0.6218816753140355;0.6325459317585301
370;0.6919235079616046;0.6993865030674846;0.6278581893761825;0.6377952755905512
371;0.6929505743809907;0.7002629272567923;0.6278581893761825;0.6377952755905512
372;0.6958144548652643;0.7028921998247152;0.631052900415665;0.6404199475065617
373;0.6951872607070001;0.7020157756354075;0.631052900415665;0.6404199475065617
374;0.6967628849283172;0.7037686240140227;0.631052900415665;0.6404199475065617
375;0.6976478543709009;0.7046450482033304;0.6288752538555522;0.6377952755905512
376;0.697884788920605;0.7046450482033304;0.631052900415665;0.6404199475065617
377;0.697884788920605;0.7046450482033304;0.631052900415665;0.6404199475065617
378;0.6977870338115928;0.7046450482033304;0.631052900415665;0.6404199475065617
379;0.6986646010271346;0.7055214723926381;0.631052900415665;0.6404199475065617
380;0.697884788920605;0.7046450482033304;0.6288752538555522;0.6377952755905512
381;0.6995332032603174;0.7063978965819456;0.6278581893761825;0.6377952755905512
382;0.6988726956388852;0.7055214723926381;0.6278581893761825;0.6377952755905512
383;0.6983098639589206;0.7046450482033304;0.6278581893761825;0.6377952755905512
384;0.6983098639589206;0.7046450482033304;0.631052900415665;0.6404199475065617
385;0.6989948944813099;0.7055214723926381;0.6278581893761825;0.6377952755905512
386;0.6988726956388852;0.7055214723926381;0.631052900415665;0.6404199475065617
387;0.6986238674533307;0.7055214723926381;0.631052900415665;0.6404199475065617
388;0.6994221285745218;0.7063978965819456;0.631052900415665;0.6404199475065617
389;0.697878053592801;0.7046450482033304;0.6288752538555522;0.6377952755905512
390;0.701201958762516;0.7072743207712533;0.6288752538555522;0.6377952755905512
391;0.701201958762516;0.7072743207712533;0.6288752538555522;0.6377952755905512
392;0.702750298241824;0.7090271691498685;0.6288752538555522;0.6377952755905512
393;0.7009614795556056;0.7072743207712533;0.6288752538555522;0.6377952755905512
394;0.702204658070977;0.708150744960561;0.6288752538555522;0.6377952755905512
395;0.7048873994838812;0.7107800175284837;0.6266967889277991;0.6351706036745407
396;0.7036475633210532;0.7099035933391762;0.6266967889277991;0.6351706036745407
397;0.7036475633210532;0.7099035933391762;0.6266967889277991;0.6351706036745407
398;0.7026327086980071;0.7090271691498685;0.6245172978787559;0.6325459317585301
399;0.7036475633210532;0.7099035933391762;0.6266967889277991;0.6351706036745407
400;0.701866027548724;0.708150744960561;0.6245172978787559;0.6325459317585301
401;0.7026396537283333;0.7090271691498685;0.6245172978787559;0.6325459317585301
402;0.7027162031661739;0.7090271691498685;0.6245172978787559;0.6325459317585301
403;0.7016974473294918;0.708150744960561;0.6245172978787559;0.6325459317585301
404;0.7025983194913956;0.7090271691498685;0.6245172978787559;0.6325459317585301
405;0.7024723173712203;0.7090271691498685;0.6245172978787559;0.6325459317585301
406;0.7023515578406192;0.7090271691498685;0.6245172978787559;0.6325459317585301
407;0.7024652862799785;0.7090271691498685;0.6245172978787559;0.6325459317585301
408;0.7062796488738645;0.7125328659070991;0.6245172978787559;0.6325459317585301
409;0.7079531869979805;0.7142857142857143;0.6266967889277991;0.6351706036745407
410;0.7065290119683911;0.7125328659070991;0.6245172978787559;0.6325459317585301
411;0.7065290119683911;0.7125328659070991;0.6245172978787559;0.6325459317585301
412;0.7074098205226973;0.7134092900964066;0.6245172978787559;0.6325459317585301
413;0.7081893674688636;0.7142857142857143;0.6245172978787559;0.6325459317585301
414;0.705616892616386;0.7116564417177914;0.6245172978787559;0.6325459317585301
415;0.706641618144429;0.7125328659070991;0.6245172978787559;0.6325459317585301
416;0.708422391497999;0.7142857142857143;0.6245172978787559;0.6325459317585301
417;0.7063954556149503;0.7125328659070991;0.6266967889277991;0.6351706036745407
418;0.7074098205226973;0.7134092900964066;0.6245172978787559;0.6325459317585301
419;0.708422391497999;0.7142857142857143;0.6245172978787559;0.6325459317585301
420;0.7094219040720956;0.7151621384750219;0.6245172978787559;0.6325459317585301
421;0.7086408432510709;0.7142857142857143;0.6245172978787559;0.6325459317585301
422;0.7096482195701936;0.7151621384750219;0.6245172978787559;0.6325459317585301
423;0.7104618799932508;0.7160385626643295;0.6245172978787559;0.6325459317585301
424;0.7104618799932508;0.7160385626643295;0.6329711348162678;0.6404199475065617
425;0.7104618799932508;0.7160385626643295;0.6351726746297532;0.6430446194225722
426;0.7102792569644841;0.7160385626643295;0.6351726746297532;0.6430446194225722
427;0.7102792569644841;0.7160385626643295;0.6351726746297532;0.6430446194225722
428;0.7114559301042207;0.7169149868536372;0.6351726746297532;0.6430446194225722
429;0.7104618799932508;0.7160385626643295;0.6351726746297532;0.6430446194225722
430;0.7104618799932508;0.7160385626643295;0.6351726746297532;0.6430446194225722
431;0.7102457484753997;0.7160385626643295;0.637553362959205;0.6456692913385826
432;0.7102457484753997;0.7160385626643295;0.6351726746297532;0.6430446194225722
433;0.7102457484753997;0.7160385626643295;0.6353585482539948;0.6430446194225722
434;0.7092466603509999;0.7151621384750219;0.6353585482539948;0.6430446194225722
435;0.7092466603509999;0.7151621384750219;0.6353585482539948;0.6430446194225722
436;0.7102457484753997;0.7160385626643295;0.637553362959205;0.6456692913385826
437;0.712237738736682;0.7177914110429447;0.6353585482539948;0.6430446194225722
438;0.7139053583069087;0.7195442594215601;0.6356252592427206;0.6430446194225722
439;0.7131222070114792;0.7186678352322524;0.6356252592427206;0.6430446194225722
440;0.712237738736682;0.7177914110429447;0.6356252592427206;0.6430446194225722
441;0.7141463786663819;0.7195442594215601;0.637812348917564;0.6456692913385826
442;0.7141463786663819;0.7195442594215601;0.637553362959205;0.6456692913385826
443;0.7140241502740877;0.7195442594215601;0.637553362959205;0.6456692913385826
444;0.7150492880862293;0.7204206836108676;0.637553362959205;0.6456692913385826
445;0.7150492880862293;0.7204206836108676;0.637553362959205;0.6456692913385826
446;0.7149293011849077;0.7204206836108676;0.637812348917564;0.6456692913385826
447;0.7131222070114792;0.7186678352322524;0.637812348917564;0.6456692913385826
448;0.7131222070114792;0.7186678352322524;0.637812348917564;0.6456692913385826
449;0.7142453883844738;0.7195442594215601;0.637553362959205;0.6456692913385826
450;0.7151824417577477;0.7204206836108676;0.6351073867773666;0.6430446194225722
451;0.7151497242201266;0.7204206836108676;0.6353585482539948;0.6430446194225722
452;0.7151497242201266;0.7204206836108676;0.6353585482539948;0.6430446194225722
453;0.7133636585089493;0.7186678352322524;0.6353585482539948;0.6430446194225722
454;0.7141158878021079;0.7195442594215601;0.6353585482539948;0.6430446194225722
455;0.7141158878021079;0.7195442594215601;0.6353585482539948;0.6430446194225722
456;0.71404387212362;0.7195442594215601;0.637812348917564;0.6456692913385826
457;0.7176208636331337;0.7230499561787905;0.637553362959205;0.6456692913385826
458;0.7157124353030276;0.7212971078001753;0.637812348917564;0.6456692913385826
459;0.7157124353030276;0.7212971078001753;0.637812348917564;0.6456692913385826
460;0.717721356418534;0.7230499561787905;0.637812348917564;0.6456692913385826
461;0.7185365673379284;0.7239263803680982;0.637812348917564;0.6456692913385826
462;0.7186243523844432;0.7239263803680982;0.637812348917564;0.6456692913385826
463;0.7167344059427796;0.7221735319894829;0.637812348917564;0.6456692913385826
464;0.7168889186937496;0.7221735319894829;0.637812348917564;0.6456692913385826
465;0.716666214347793;0.7221735319894829;0.637812348917564;0.6456692913385826
466;0.7156598861515443;0.7212971078001753;0.637812348917564;0.6456692913385826
467;0.7156282822507041;0.7212971078001753;0.6409999153832415;0.6482939632545932
468;0.7156282822507041;0.7212971078001753;0.6409999153832415;0.6482939632545932
469;0.7164100722398075;0.7221735319894829;0.637812348917564;0.6456692913385826
470;0.7154014293009217;0.7212971078001753;0.637812348917564;0.6456692913385826
471;0.7146518406007211;0.7204206836108676;0.6409256033618003;0.6482939632545932
472;0.713872146814577;0.7195442594215601;0.6409256033618003;0.6482939632545932
473;0.713872146814577;0.7195442594215601;0.6399985872206478;0.6482939632545932
474;0.7158850248506436;0.7212971078001753;0.6374837944055007;0.6456692913385826
475;0.7167880197570636;0.7221735319894829;0.6431229035718649;0.6509186351706037
476;0.7158850248506436;0.7212971078001753;0.6431229035718649;0.6509186351706037
477;0.7176586645018649;0.7230499561787905;0.6431229035718649;0.6509186351706037
478;0.716666214347793;0.7221735319894829;0.6453195882693784;0.6535433070866141
479;0.716666214347793;0.7221735319894829;0.6453195882693784;0.6535433070866141
480;0.7195776829909617;0.7248028045574058;0.6453195882693784;0.6535433070866141
481;0.7203368326436865;0.7256792287467134;0.6453195882693784;0.6535433070866141
482;0.7197694272443053;0.7248028045574058;0.6404136607303496;0.6482939632545932
483;0.7215398029841857;0.726555652936021;0.6404136607303496;0.6482939632545932
484;0.7221216475091021;0.7274320771253286;0.6435118308249408;0.6509186351706037
485;0.7221216475091021;0.7274320771253286;0.6435118308249408;0.6509186351706037
486;0.7213373644078948;0.726555652936021;0.6435118308249408;0.6509186351706037
487;0.7238928615270409;0.7291849255039439;0.6462259474808801;0.6535433070866141
488;0.7213188161906524;0.726555652936021;0.6462259474808801;0.6535433070866141
489;0.7205337662973549;0.7256792287467134;0.6431229035718649;0.6509186351706037
490;0.7233341186839909;0.7283085013146363;0.6404136607303496;0.6482939632545932
491;0.7233341186839909;0.7283085013146363;0.6404136607303496;0.6482939632545932
492;0.7234317903176506;0.7283085013146363;0.6404136607303496;0.6482939632545932
493;0.7234317903176506;0.7283085013146363;0.6404136607303496;0.6482939632545932
494;0.7243337052048574;0.7291849255039439;0.6435118308249408;0.6509186351706037
495;0.7253159101084764;0.7300613496932515;0.6404136607303496;0.6482939632545932
496;0.7242043372422667;0.7291849255039439;0.6435118308249408;0.6509186351706037
497;0.7229910906387564;0.7283085013146363;0.6462259474808801;0.6535433070866141
498;0.7231043891751061;0.7283085013146363;0.6462259474808801;0.6535433070866141
499;0.7250071685607165;0.7300613496932515;0.6435118308249408;0.6509186351706037
500;0.7250071685607165;0.7300613496932515;0.6462259474808801;0.6535433070866141
501;0.7250071685607165;0.7300613496932515;0.6462259474808801;0.6535433070866141
502;0.7260045417151653;0.7309377738825592;0.6436929895744329;0.6509186351706037
503;0.7260045417151653;0.7309377738825592;0.6468253078171005;0.6535433070866141
504;0.7260045417151653;0.7309377738825592;0.6468253078171005;0.6535433070866141
505;0.7267923243031593;0.7318141980718668;0.6468253078171005;0.6535433070866141
506;0.7267923243031593;0.7318141980718668;0.6468253078171005;0.6535433070866141
507;0.7276820478323892;0.7326906222611744;0.6468253078171005;0.6535433070866141
508;0.7277887723001241;0.7326906222611744;0.6468253078171005;0.6535433070866141
509;0.7276683112354561;0.7326906222611744;0.6468253078171005;0.6535433070866141
510;0.7277887723001241;0.7326906222611744;0.6468253078171005;0.6535433070866141
511;0.7270002976237858;0.7318141980718668;0.6468253078171005;0.6535433070866141
512;0.7270002976237858;0.7318141980718668;0.6437566646772651;0.6509186351706037
513;0.7277887723001241;0.7326906222611744;0.6437566646772651;0.6509186351706037
514;0.7277887723001241;0.7326906222611744;0.6437566646772651;0.6509186351706037
515;0.7277744617942304;0.7326906222611744;0.6437566646772651;0.6509186351706037
516;0.7287836140836544;0.733567046450482;0.6437566646772651;0.6509186351706037
517;0.7287683685847617;0.733567046450482;0.6437566646772651;0.6509186351706037
518;0.7287683685847617;0.733567046450482;0.6468253078171005;0.6535433070866141
519;0.7287683685847617;0.733567046450482;0.6468253078171005;0.6535433070866141
520;0.7287683685847617;0.733567046450482;0.6437566646772651;0.6509186351706037
521;0.7287683685847617;0.733567046450482;0.6437566646772651;0.6509186351706037
522;0.7287826473384263;0.733567046450482;0.6437566646772651;0.6509186351706037
523;0.7287683685847617;0.733567046450482;0.6468253078171005;0.6535433070866141
524;0.7297602549465361;0.7344434706397897;0.6468253078171005;0.6535433070866141
525;0.7307359678815791;0.7353198948290973;0.6468253078171005;0.6535433070866141
526;0.7289710973107623;0.733567046450482;0.6468253078171005;0.6535433070866141
527;0.7289710973107623;0.733567046450482;0.6468253078171005;0.6535433070866141
528;0.7279810711571941;0.7326906222611744;0.6437566646772651;0.6509186351706037
529;0.7287695519900312;0.733567046450482;0.6437566646772651;0.6509186351706037
530;0.7296594884998442;0.7344434706397897;0.6437566646772651;0.6509186351706037
531;0.7288698498004784;0.733567046450482;0.6437566646772651;0.6509186351706037
532;0.7279810711571941;0.7326906222611744;0.6437566646772651;0.6509186351706037
533;0.7296332443788888;0.7344434706397897;0.6428543936455375;0.6509186351706037
534;0.7288698498004784;0.733567046450482;0.6406674490608444;0.6482939632545932
535;0.7306512254783837;0.7353198948290973;0.6406674490608444;0.6482939632545932
536;0.7324189894292953;0.7370727432077125;0.6406674490608444;0.6482939632545932
537;0.7351852764567195;0.7397020157756354;0.6437566646772651;0.6509186351706037
538;0.7342116801958388;0.7388255915863278;0.6437566646772651;0.6509186351706037
539;0.7351852764567195;0.7397020157756354;0.6490335427071423;0.6561679790026247
540;0.7351852764567195;0.7397020157756354;0.6490335427071423;0.6561679790026247
541;0.7370642811297013;0.7414548641542507;0.6490335427071423;0.6561679790026247
542;0.7371630745452148;0.7414548641542507;0.6490335427071423;0.6561679790026247
543;0.7379572936323812;0.7423312883435583;0.6459543807448808;0.6535433070866141
544;0.7369842938722806;0.7414548641542507;0.6490335427071423;0.6561679790026247
545;0.7379572936323812;0.7423312883435583;0.6490335427071423;0.6561679790026247
546;0.7371630745452148;0.7414548641542507;0.6492127212548275;0.6561679790026247
547;0.7371630745452148;0.7414548641542507;0.6492127212548275;0.6561679790026247
548;0.7371387491113435;0.7414548641542507;0.6492127212548275;0.6561679790026247
549;0.7381209878906441;0.7423312883435583;0.6429795884730398;0.6509186351706037
550;0.7381209878906441;0.7423312883435583;0.64608040301216;0.6535433070866141
551;0.7381209878906441;0.7423312883435583;0.6492127212548275;0.6561679790026247
552;0.7373251961893901;0.7414548641542507;0.6483964915048189;0.6561679790026247
553;0.7373251961893901;0.7414548641542507;0.6459543807448808;0.6535433070866141
554;0.7373251961893901;0.7414548641542507;0.644087279705811;0.6509186351706037
555;0.7373251961893901;0.7414548641542507;0.646474693143538;0.6535433070866141
556;0.7373251961893901;0.7414548641542507;0.646474693143538;0.6535433070866141
557;0.7373251961893901;0.7414548641542507;0.646474693143538;0.6535433070866141
558;0.7383052827087868;0.7423312883435583;0.6495482515183169;0.6561679790026247
559;0.7383052827087868;0.7423312883435583;0.6495482515183169;0.6561679790026247
560;0.7374819315464153;0.7414548641542507;0.6495482515183169;0.6561679790026247
561;0.7363594701392936;0.740578439964943;0.6470105751906369;0.6535433070866141
562;0.7382200474922529;0.7423312883435583;0.6470105751906369;0.6535433070866141
563;0.7373261045105995;0.7414548641542507;0.6470105751906369;0.6535433070866141
564;0.7382200474922529;0.7423312883435583;0.6494647762037556;0.6561679790026247
565;0.7381456097604381;0.7423312883435583;0.6494647762037556;0.6561679790026247
566;0.7391135125087247;0.7432077125328659;0.6494647762037556;0.6561679790026247
567;0.7363594701392936;0.740578439964943;0.6525116733504907;0.6587926509186351
568;0.7363594701392936;0.740578439964943;0.6525116733504907;0.6587926509186351
569;0.7354503513362995;0.7397020157756354;0.6494647762037556;0.6561679790026247
570;0.7354503513362995;0.7397020157756354;0.6494647762037556;0.6561679790026247
571;0.7364290536942613;0.740578439964943;0.6494647762037556;0.6561679790026247
572;0.7364290536942613;0.740578439964943;0.6494647762037556;0.6561679790026247
573;0.738289225813999;0.7423312883435583;0.6494647762037556;0.6561679790026247
574;0.7383765016727742;0.7423312883435583;0.6494647762037556;0.6561679790026247
575;0.7383765016727742;0.7423312883435583;0.6500556662526504;0.6561679790026247
576;0.7383181028052535;0.7423312883435583;0.6500556662526504;0.6561679790026247
577;0.7392099303172738;0.7432077125328659;0.6500556662526504;0.6561679790026247
578;0.7392099303172738;0.7432077125328659;0.6494647762037556;0.6561679790026247
579;0.737411817692315;0.7414548641542507;0.6494647762037556;0.6561679790026247
580;0.7409860801598169;0.7449605609114811;0.6494647762037556;0.6561679790026247
581;0.7419621665192389;0.7458369851007888;0.6494647762037556;0.6561679790026247
582;0.7419621665192389;0.7458369851007888;0.6470105751906369;0.6535433070866141
583;0.7419381392041987;0.7458369851007888;0.6470105751906369;0.6535433070866141
584;0.7427593749882534;0.7467134092900964;0.6470105751906369;0.6535433070866141
585;0.7437997584397928;0.747589833479404;0.6470105751906369;0.6535433070866141
586;0.744695919136797;0.7484662576687117;0.6470105751906369;0.6535433070866141
587;0.744695919136797;0.7484662576687117;0.6470105751906369;0.6535433070866141
588;0.7430740639019514;0.7467134092900964;0.6470105751906369;0.6535433070866141
589;0.7430740639019514;0.7467134092900964;0.6500556662526504;0.6561679790026247
590;0.7430740639019514;0.7467134092900964;0.6500556662526504;0.6561679790026247
591;0.7430740639019514;0.7467134092900964;0.6470105751906369;0.6535433070866141
592;0.7430740639019514;0.7467134092900964;0.6470105751906369;0.6535433070866141
593;0.7438735832748242;0.747589833479404;0.6500556662526504;0.6561679790026247
594;0.7438735832748242;0.747589833479404;0.6525116733504907;0.6587926509186351
595;0.7429128639449285;0.7467134092900964;0.6525116733504907;0.6587926509186351
596;0.7429128639449285;0.7467134092900964;0.6494647762037556;0.6561679790026247
597;0.7429128639449285;0.7467134092900964;0.6525116733504907;0.6587926509186351
598;0.74373504527912;0.747589833479404;0.6525116733504907;0.6587926509186351
599;0.7429128639449285;0.7467134092900964;0.6525116733504907;0.6587926509186351
600;0.7446301420888837;0.7484662576687117;0.6523280546575851;0.6587926509186351
601;0.7430076814945543;0.7467134092900964;0.646398058911893;0.6535433070866141
602;0.743807618400332;0.747589833479404;0.646398058911893;0.6535433070866141
603;0.7447019326426364;0.7484662576687117;0.646398058911893;0.6535433070866141
604;0.7465940855981813;0.7502191060473269;0.646398058911893;0.6535433070866141
605;0.7473960751898918;0.7510955302366346;0.646398058911893;0.6535433070866141
606;0.7481983331741092;0.7519719544259421;0.6469148983495707;0.6535433070866141
607;0.7481983331741092;0.7519719544259421;0.6438567778259472;0.6509186351706037
608;0.7481983331741092;0.7519719544259421;0.6469148983495707;0.6535433070866141
609;0.749028472512907;0.7528483786152498;0.6469148983495707;0.6535433070866141
610;0.7481298144099209;0.7519719544259421;0.6494647762037556;0.6561679790026247
611;0.748205082133868;0.7519719544259421;0.6494647762037556;0.6561679790026247
612;0.7508853688244397;0.754601226993865;0.6469148983495707;0.6535433070866141
613;0.7508853688244397;0.754601226993865;0.6494647762037556;0.6561679790026247
614;0.751867416598731;0.7554776511831727;0.6494647762037556;0.6561679790026247
615;0.7518834211781695;0.7554776511831727;0.6494647762037556;0.6561679790026247
616;0.752840491240107;0.7563540753724802;0.6469148983495707;0.6535433070866141
617;0.7518770886596127;0.7554776511831727;0.6469148983495707;0.6535433070866141
618;0.7518770886596127;0.7554776511831727;0.646398058911893;0.6535433070866141
619;0.7518770886596127;0.7554776511831727;0.646398058911893;0.6535433070866141
620;0.7518770886596127;0.7554776511831727;0.6494647762037556;0.6561679790026247
621;0.7509801540579889;0.754601226993865;0.6494647762037556;0.6561679790026247
622;0.7509801540579889;0.754601226993865;0.6494647762037556;0.6561679790026247
623;0.7509801540579889;0.754601226993865;0.6494647762037556;0.6561679790026247
624;0.7519365973184785;0.7554776511831727;0.6494647762037556;0.6561679790026247
625;0.7509801540579889;0.754601226993865;0.6494647762037556;0.6561679790026247
626;0.7518770886596127;0.7554776511831727;0.6494647762037556;0.6561679790026247
627;0.752702763282714;0.7563540753724802;0.6494647762037556;0.6561679790026247
628;0.752702763282714;0.7563540753724802;0.6494647762037556;0.6561679790026247
629;0.7546153772618145;0.7581069237510956;0.6525116733504907;0.6587926509186351
630;0.7536431255478355;0.7572304995617879;0.6525116733504907;0.6587926509186351
631;0.7536431255478355;0.7572304995617879;0.6525116733504907;0.6587926509186351
632;0.7546153772618145;0.7581069237510956;0.6525116733504907;0.6587926509186351
633;0.7546153772618145;0.7581069237510956;0.6525116733504907;0.6587926509186351
634;0.7536502768240678;0.7572304995617879;0.6469148983495707;0.6535433070866141
635;0.7554243842057907;0.7589833479404031;0.6469148983495707;0.6535433070866141
636;0.7536502768240678;0.7572304995617879;0.6469148983495707;0.6535433070866141
637;0.7546940991310465;0.7581069237510956;0.6447281510634292;0.6509186351706037
638;0.7545602953074536;0.7581069237510956;0.6469148983495707;0.6535433070866141
639;0.7555136862942172;0.7589833479404031;0.6447281510634292;0.6509186351706037
640;0.7555136862942172;0.7589833479404031;0.6447281510634292;0.6509186351706037
641;0.7555136862942172;0.7589833479404031;0.6447281510634292;0.6509186351706037
642;0.7555038847150074;0.7589833479404031;0.6421771483426468;0.6482939632545932
643;0.7564555152737716;0.7598597721297108;0.6421771483426468;0.6482939632545932
644;0.7555136862942172;0.7589833479404031;0.6443563896170468;0.6509186351706037
645;0.7555038847150074;0.7589833479404031;0.6443563896170468;0.6509186351706037
646;0.7555038847150074;0.7589833479404031;0.6443563896170468;0.6509186351706037
647;0.7555038847150074;0.7589833479404031;0.6443563896170468;0.6509186351706037
648;0.7555038847150074;0.7589833479404031;0.6443563896170468;0.6509186351706037
649;0.7555038847150074;0.7589833479404031;0.6443563896170468;0.6509186351706037
650;0.7555209068021511;0.7589833479404031;0.6443563896170468;0.6509186351706037
651;0.7555135600285892;0.7589833479404031;0.6443563896170468;0.6509186351706037
652;0.7563154954985036;0.7598597721297108;0.6443563896170468;0.6509186351706037
653;0.7562979912903034;0.7598597721297108;0.643474705667121;0.6509186351706037
654;0.756321789828527;0.7598597721297108;0.643474705667121;0.6509186351706037
655;0.756321789828527;0.7598597721297108;0.643474705667121;0.6509186351706037
656;0.7563110357130663;0.7598597721297108;0.6413068118527282;0.6482939632545932
657;0.7563346042220634;0.7598597721297108;0.6413068118527282;0.6482939632545932
658;0.7562979912903034;0.7598597721297108;0.6413068118527282;0.6482939632545932
659;0.7555638247379319;0.7589833479404031;0.6443563896170468;0.6509186351706037
660;0.7564644962097047;0.7598597721297108;0.6440970687600875;0.6509186351706037
661;0.7564644962097047;0.7598597721297108;0.6440970687600875;0.6509186351706037
662;0.7574212152949111;0.7607361963190185;0.641038948236464;0.6482939632545932
663;0.7555563701087175;0.7589833479404031;0.641038948236464;0.6482939632545932
664;0.7565301690356473;0.7598597721297108;0.641038948236464;0.6482939632545932
665;0.7555638247379319;0.7589833479404031;0.641038948236464;0.6482939632545932
666;0.7563652747935511;0.7598597721297108;0.641038948236464;0.6482939632545932
667;0.7573222882558884;0.7607361963190185;0.641038948236464;0.6482939632545932
668;0.7573222882558884;0.7607361963190185;0.641038948236464;0.6482939632545932
669;0.7563487330755714;0.7598597721297108;0.641038948236464;0.6482939632545932
670;0.7563569212532147;0.7598597721297108;0.641038948236464;0.6482939632545932
671;0.7555563701087175;0.7589833479404031;0.641038948236464;0.6482939632545932
672;0.7555563701087175;0.7589833479404031;0.641038948236464;0.6482939632545932
673;0.7555563701087175;0.7589833479404031;0.641038948236464;0.6482939632545932
674;0.7563569212532147;0.7598597721297108;0.641038948236464;0.6482939632545932
675;0.7563652747935511;0.7598597721297108;0.6440970687600875;0.6509186351706037
676;0.7563652747935511;0.7598597721297108;0.6440970687600875;0.6509186351706037
677;0.7563728316819082;0.7598597721297108;0.6440970687600875;0.6509186351706037
678;0.7563728316819082;0.7598597721297108;0.6440970687600875;0.6509186351706037
679;0.7572735031536809;0.7607361963190185;0.6388625535829593;0.6456692913385826
680;0.7563728316819082;0.7598597721297108;0.6388625535829593;0.6456692913385826
681;0.7563728316819082;0.7598597721297108;0.6388625535829593;0.6456692913385826
682;0.7563728316819082;0.7598597721297108;0.641038948236464;0.6482939632545932
683;0.7572735031536809;0.7607361963190185;0.6421771483426468;0.6482939632545932
684;0.7564719057473634;0.7598597721297108;0.6419103214739461;0.6482939632545932
685;0.7581807236122048;0.761612620508326;0.6419103214739461;0.6482939632545932
686;0.7590630569906007;0.7624890446976337;0.6419103214739461;0.6482939632545932
687;0.7590630569906007;0.7624890446976337;0.6419103214739461;0.6482939632545932
688;0.7590630569906007;0.7624890446976337;0.6419103214739461;0.6482939632545932
689;0.7599609150621565;0.7633654688869412;0.6419103214739461;0.6482939632545932
690;0.7599557140603638;0.7633654688869412;0.6419103214739461;0.6482939632545932
691;0.7617526862770303;0.7651183172655566;0.6419103214739461;0.6482939632545932
692;0.7608543907720102;0.7642418930762489;0.6419103214739461;0.6482939632545932
693;0.7610102221250075;0.7642418930762489;0.6419103214739461;0.6482939632545932
694;0.7602051038626917;0.7633654688869412;0.6419103214739461;0.6482939632545932
695;0.7592379913414803;0.7624890446976337;0.6419103214739461;0.6482939632545932
696;0.7592379913414803;0.7624890446976337;0.6419103214739461;0.6482939632545932
697;0.7600425557612795;0.7633654688869412;0.6419103214739461;0.6482939632545932
698;0.7611050446547167;0.7642418930762489;0.6388625535829593;0.6456692913385826
699;0.7611050446547167;0.7642418930762489;0.6388625535829593;0.6456692913385826
700;0.7601370558929993;0.7633654688869412;0.6388625535829593;0.6456692913385826
701;0.7601370558929993;0.7633654688869412;0.6388625535829593;0.6456692913385826
702;0.7601370558929993;0.7633654688869412;0.6388625535829593;0.6456692913385826
703;0.7602051038626917;0.7633654688869412;0.6388625535829593;0.6456692913385826
704;0.7602108305592146;0.7633654688869412;0.6388625535829593;0.6456692913385826
705;0.7601421300307284;0.7633654688869412;0.6419103214739461;0.6482939632545932
706;0.7609468414769601;0.7642418930762489;0.6419103214739461;0.6482939632545932
707;0.7609428336895689;0.7642418930762489;0.6419103214739461;0.6482939632545932
708;0.7601370558929993;0.7633654688869412;0.6419103214739461;0.6482939632545932
709;0.7601370558929993;0.7633654688869412;0.6388625535829593;0.6456692913385826
710;0.7610357121321558;0.7642418930762489;0.6419103214739461;0.6482939632545932
711;0.7610357121321558;0.7642418930762489;0.6419103214739461;0.6482939632545932
712;0.7610357121321558;0.7642418930762489;0.6419103214739461;0.6482939632545932
713;0.7610357121321558;0.7642418930762489;0.6419103214739461;0.6482939632545932
714;0.7619339737438703;0.7651183172655566;0.6419103214739461;0.6482939632545932
715;0.7628318544261646;0.7659947414548641;0.6388625535829593;0.6456692913385826
716;0.7628318544261646;0.7659947414548641;0.6388625535829593;0.6456692913385826
717;0.7628318544261646;0.7659947414548641;0.6388625535829593;0.6456692913385826
718;0.7628318544261646;0.7659947414548641;0.6388625535829593;0.6456692913385826
719;0.7628318544261646;0.7659947414548641;0.6388625535829593;0.6456692913385826
720;0.7628318544261646;0.7659947414548641;0.6388625535829593;0.6456692913385826
721;0.7618598886947855;0.7651183172655566;0.6388625535829593;0.6456692913385826
722;0.7627572712779235;0.7659947414548641;0.6388625535829593;0.6456692913385826
723;0.7627572712779235;0.7659947414548641;0.6388625535829593;0.6456692913385826
724;0.7646254661771356;0.7677475898334793;0.6419103214739461;0.6482939632545932
725;0.7652732222550968;0.768624014022787;0.6364177490299163;0.6430446194225722
726;0.7670763097967225;0.7703768624014022;0.6388625535829593;0.6456692913385826
727;0.7670763097967225;0.7703768624014022;0.6388625535829593;0.6456692913385826
728;0.7661010717459573;0.7695004382120947;0.6394636724088472;0.6456692913385826
729;0.7680501627213336;0.7712532865907099;0.6419103214739461;0.6482939632545932
730;0.7680501627213336;0.7712532865907099;0.6419103214739461;0.6482939632545932
731;0.7680501627213336;0.7712532865907099;0.6419103214739461;0.6482939632545932
732;0.7707356714875688;0.7738825591586328;0.6419103214739461;0.6482939632545932
733;0.7707356714875688;0.7738825591586328;0.6419103214739461;0.6482939632545932
734;0.7707309601723635;0.7738825591586328;0.6394636724088472;0.6456692913385826
735;0.7689326021416105;0.7721297107800176;0.6419103214739461;0.6482939632545932
736;0.7699006415170838;0.7730061349693251;0.6419103214739461;0.6482939632545932
737;0.7699006415170838;0.7730061349693251;0.6388625535829593;0.6456692913385826
738;0.7717460443426226;0.7747589833479404;0.6394636724088472;0.6456692913385826
739;0.7689282929268493;0.7721297107800176;0.6364177490299163;0.6430446194225722
740;0.7707757419555509;0.7738825591586328;0.6364177490299163;0.6430446194225722
741;0.7716884805428238;0.7747589833479404;0.6394636724088472;0.6456692913385826
742;0.7716884805428238;0.7747589833479404;0.6394636724088472;0.6456692913385826
743;0.7716884805428238;0.7747589833479404;0.6394636724088472;0.6456692913385826
744;0.7716884805428238;0.7747589833479404;0.6394636724088472;0.6456692913385826
745;0.7716884805428238;0.7747589833479404;0.6419103214739461;0.6482939632545932
746;0.7716884805428238;0.7747589833479404;0.6419103214739461;0.6482939632545932
747;0.7716884805428238;0.7747589833479404;0.6419103214739461;0.6482939632545932
748;0.7716884805428238;0.7747589833479404;0.6419103214739461;0.6482939632545932
749;0.7716884805428238;0.7747589833479404;0.6419103214739461;0.6482939632545932
750;0.7726595244864993;0.775635407537248;0.6419103214739461;0.6482939632545932
751;0.7726595244864993;0.775635407537248;0.6419103214739461;0.6482939632545932
752;0.7726595244864993;0.775635407537248;0.6394636724088472;0.6456692913385826
753;0.7726595244864993;0.775635407537248;0.6419103214739461;0.6482939632545932
754;0.7726595244864993;0.775635407537248;0.6394636724088472;0.6456692913385826
755;0.7726595244864993;0.775635407537248;0.6394636724088472;0.6456692913385826
756;0.7726595244864993;0.775635407537248;0.6394636724088472;0.6456692913385826
757;0.7726595244864993;0.775635407537248;0.6394636724088472;0.6456692913385826
758;0.7726595244864993;0.775635407537248;0.6394636724088472;0.6456692913385826
759;0.7734723137716326;0.7765118317265557;0.6419103214739461;0.6482939632545932
760;0.7753372729860631;0.7782646801051709;0.6419103214739461;0.6482939632545932
761;0.7753372729860631;0.7782646801051709;0.6419103214739461;0.6482939632545932
762;0.7753372729860631;0.7782646801051709;0.6419103214739461;0.6482939632545932
763;0.7761510743950598;0.7791411042944786;0.6394636724088472;0.6456692913385826
764;0.7750989193995844;0.7782646801051709;0.6394636724088472;0.6456692913385826
765;0.7759936279406984;0.7791411042944786;0.6394636724088472;0.6456692913385826
766;0.7751159300973239;0.7782646801051709;0.6364177490299163;0.6430446194225722
767;0.7751159300973239;0.7782646801051709;0.6364177490299163;0.6430446194225722
768;0.7742854421334558;0.7773882559158632;0.6364177490299163;0.6430446194225722
769;0.7751159300973239;0.7782646801051709;0.6364177490299163;0.6430446194225722
770;0.7751159300973239;0.7782646801051709;0.6394636724088472;0.6456692913385826
771;0.7751159300973239;0.7782646801051709;0.6394636724088472;0.6456692913385826
772;0.7751159300973239;0.7782646801051709;0.6394636724088472;0.6456692913385826
773;0.7751159300973239;0.7782646801051709;0.6394636724088472;0.6456692913385826
774;0.7760109314222116;0.7791411042944786;0.6364177490299163;0.6430446194225722
775;0.7761510743950598;0.7791411042944786;0.6394636724088472;0.6456692913385826
776;0.7769829861809331;0.7800175284837861;0.6419103214739461;0.6482939632545932
777;0.7769829861809331;0.7800175284837861;0.6419103214739461;0.6482939632545932
778;0.7769829861809331;0.7800175284837861;0.6419103214739461;0.6482939632545932
779;0.7769829861809331;0.7800175284837861;0.6419103214739461;0.6482939632545932
780;0.7769829861809331;0.7800175284837861;0.6419103214739461;0.6482939632545932
781;0.7779537104956544;0.7808939526730938;0.6419103214739461;0.6482939632545932
782;0.7788483567448409;0.7817703768624014;0.6394636724088472;0.6456692913385826
783;0.7788483567448409;0.7817703768624014;0.6394636724088472;0.6456692913385826
784;0.7788483567448409;0.7817703768624014;0.6394636724088472;0.6456692913385826
785;0.779742072559501;0.782646801051709;0.6394636724088472;0.6456692913385826
786;0.779742072559501;0.782646801051709;0.6394636724088472;0.6456692913385826
787;0.7805561044474971;0.7835232252410167;0.6394636724088472;0.6456692913385826
788;0.7805561044474971;0.7835232252410167;0.6394636724088472;0.6456692913385826
789;0.7805561044474971;0.7835232252410167;0.6394636724088472;0.6456692913385826
790;0.7805561044474971;0.7835232252410167;0.6394636724088472;0.6456692913385826
791;0.7805561044474971;0.7835232252410167;0.6394636724088472;0.6456692913385826
792;0.7805561044474971;0.7835232252410167;0.6394636724088472;0.6456692913385826
793;0.779742072559501;0.782646801051709;0.6394636724088472;0.6456692913385826
794;0.779742072559501;0.782646801051709;0.6394636724088472;0.6456692913385826
795;0.779742072559501;0.782646801051709;0.6394636724088472;0.6456692913385826
796;0.779742072559501;0.782646801051709;0.6394636724088472;0.6456692913385826
797;0.7797405185009888;0.782646801051709;0.6394636724088472;0.6456692913385826
798;0.7797405185009888;0.782646801051709;0.639674960799095;0.6456692913385826
799;0.7797405185009888;0.782646801051709;0.639674960799095;0.6456692913385826
800;0.7797405185009888;0.782646801051709;0.6366325656230382;0.6430446194225722
801;0.7797405185009888;0.782646801051709;0.6366325656230382;0.6430446194225722
802;0.7807120567596233;0.7835232252410167;0.6366325656230382;0.6430446194225722
803;0.7815266078964616;0.7843996494303243;0.6366325656230382;0.6430446194225722
804;0.7815266078964616;0.7843996494303243;0.6366325656230382;0.6430446194225722
805;0.7815266078964616;0.7843996494303243;0.6366325656230382;0.6430446194225722
806;0.7832878710463663;0.7861524978089395;0.6366325656230382;0.6430446194225722
807;0.7832836618982355;0.7861524978089395;0.6366325656230382;0.6430446194225722
808;0.781655172136297;0.7843996494303243;0.6390792146881371;0.6456692913385826
809;0.783435643655833;0.7861524978089395;0.636015451843558;0.6430446194225722
810;0.7843304317570113;0.7870289219982471;0.6389261235232765;0.6456692913385826
811;0.7843304317570113;0.7870289219982471;0.6364751401452322;0.6430446194225722
812;0.7835157164404372;0.7861524978089395;0.6364751401452322;0.6430446194225722
813;0.7835157164404372;0.7861524978089395;0.6364751401452322;0.6430446194225722
814;0.7835157164404372;0.7861524978089395;0.6364751401452322;0.6430446194225722
815;0.7834948986796604;0.7861524978089395;0.6389261235232765;0.6456692913385826
816;0.7843108804167983;0.7870289219982471;0.6389261235232765;0.6456692913385826
817;0.7843108804167983;0.7870289219982471;0.6389261235232765;0.6456692913385826
818;0.7841983621503921;0.7870289219982471;0.6389261235232765;0.6456692913385826
819;0.7861324745273762;0.7887817703768624;0.6419689761793197;0.6482939632545932
820;0.7861087606290227;0.7887817703768624;0.6389261235232765;0.6456692913385826
821;0.7861087606290227;0.7887817703768624;0.6389261235232765;0.6456692913385826
822;0.7861324745273762;0.7887817703768624;0.6419689761793197;0.6482939632545932
823;0.787970625942789;0.7905346187554777;0.6419689761793197;0.6482939632545932
824;0.787970625942789;0.7905346187554777;0.6419689761793197;0.6482939632545932
825;0.7861087606290227;0.7887817703768624;0.6419689761793197;0.6482939632545932
826;0.7861087606290227;0.7887817703768624;0.6395161448253472;0.6456692913385826
827;0.7871544352875088;0.78965819456617;0.6369528906715671;0.6430446194225722
828;0.7871544352875088;0.78965819456617;0.6369528906715671;0.6430446194225722
829;0.7862579983026231;0.7887817703768624;0.6369528906715671;0.6430446194225722
830;0.7853612480102341;0.7879053461875548;0.6369528906715671;0.6430446194225722
831;0.786174914901564;0.7887817703768624;0.6369528906715671;0.6430446194225722
832;0.786174914901564;0.7887817703768624;0.6369528906715671;0.6430446194225722
833;0.786174914901564;0.7887817703768624;0.6371665992343842;0.6430446194225722
834;0.7870716996776088;0.78965819456617;0.6371665992343842;0.6430446194225722
835;0.786174914901564;0.7887817703768624;0.6371665992343842;0.6430446194225722
836;0.7870114948614639;0.78965819456617;0.6369528906715671;0.6430446194225722
837;0.7870114948614639;0.78965819456617;0.6369528906715671;0.6430446194225722
838;0.7879086926905526;0.7905346187554777;0.6340893523403531;0.6404199475065617
839;0.7870114948614639;0.78965819456617;0.6340893523403531;0.6404199475065617
840;0.7870114948614639;0.78965819456617;0.6340893523403531;0.6404199475065617
841;0.787974675408312;0.7905346187554777;0.6340893523403531;0.6404199475065617
842;0.787974675408312;0.7905346187554777;0.6340893523403531;0.6404199475065617
843;0.7896021806743524;0.7922874671340929;0.6340893523403531;0.6404199475065617
844;0.7896021806743524;0.7922874671340929;0.6338672084500551;0.6404199475065617
845;0.7896021806743524;0.7922874671340929;0.6338672084500551;0.6404199475065617
846;0.7887882528213845;0.7914110429447853;0.6399662492781288;0.6456692913385826
847;0.7887882528213845;0.7914110429447853;0.6399662492781288;0.6456692913385826
848;0.7905037734938405;0.7931638913234005;0.6338672084500551;0.6404199475065617
849;0.7896885736742737;0.7922874671340929;0.6338672084500551;0.6404199475065617
850;0.7905256445800352;0.7931638913234005;0.637123312188929;0.6430446194225722
851;0.7896885736742737;0.7922874671340929;0.637123312188929;0.6430446194225722
852;0.7905256445800352;0.7931638913234005;0.6340893523403531;0.6404199475065617
853;0.7932252265322564;0.7957931638913234;0.6340893523403531;0.6404199475065617
854;0.7932015031894878;0.7957931638913234;0.637123312188929;0.6430446194225722
855;0.7923866031099139;0.7949167397020158;0.637123312188929;0.6430446194225722
856;0.7914020302375899;0.7940403155127082;0.6340893523403531;0.6404199475065617
857;0.7923046606607457;0.7949167397020158;0.6340893523403531;0.6404199475065617
858;0.7923004564541468;0.7949167397020158;0.6401767094761182;0.6456692913385826
859;0.7931378957722923;0.7957931638913234;0.6340893523403531;0.6404199475065617
860;0.7931378957722923;0.7957931638913234;0.6310361016642461;0.6377952755905512
861;0.7923639114407122;0.7949167397020158;0.6310361016642461;0.6377952755905512
862;0.7923639114407122;0.7949167397020158;0.6310361016642461;0.6377952755905512
863;0.7932860728585167;0.7957931638913234;0.6341376001247849;0.6404199475065617
864;0.7923639114407122;0.7949167397020158;0.6366850380395382;0.6430446194225722
865;0.7949188054807483;0.7975460122699386;0.6366850380395382;0.6430446194225722
866;0.7939525693977086;0.796669588080631;0.633570647290515;0.6404199475065617
867;0.7956898912092132;0.7984224364592463;0.6310361016642461;0.6377952755905512
868;0.7949402354088583;0.7975460122699386;0.6366850380395382;0.6430446194225722
869;0.7949402354088583;0.7975460122699386;0.6366850380395382;0.6430446194225722
870;0.7941022514612186;0.796669588080631;0.6366850380395382;0.6430446194225722
871;0.7949188054807483;0.7975460122699386;0.6341376001247849;0.6404199475065617
872;0.7949188054807483;0.7975460122699386;0.6288730835067657;0.6351706036745407
873;0.7957558817652075;0.7984224364592463;0.6288730835067657;0.6351706036745407
874;0.7957558817652075;0.7984224364592463;0.6288730835067657;0.6351706036745407
875;0.7957558817652075;0.7984224364592463;0.6288730835067657;0.6351706036745407
876;0.7958564065929873;0.7984224364592463;0.6288730835067657;0.6351706036745407
877;0.7966936104003727;0.7992988606485539;0.6313223095780027;0.6377952755905512
878;0.7966936104003727;0.7992988606485539;0.6313223095780027;0.6377952755905512
879;0.7957908308863314;0.7984224364592463;0.6344232219311837;0.6404199475065617
880;0.7957908308863314;0.7984224364592463;0.6344232219311837;0.6404199475065617
881;0.7958773617989402;0.7984224364592463;0.6344232219311837;0.6404199475065617
882;0.7968407125507494;0.7992988606485539;0.6313223095780027;0.6377952755905512
883;0.7968407125507494;0.7992988606485539;0.6313223095780027;0.6377952755905512
884;0.7958773617989402;0.7984224364592463;0.6313223095780027;0.6377952755905512
885;0.7986764509836909;0.8010517090271692;0.6313223095780027;0.6377952755905512
886;0.7977740459325141;0.8001752848378615;0.6369676811472658;0.6430446194225722
887;0.7986764509836909;0.8010517090271692;0.6344232219311837;0.6404199475065617
888;0.7959517088655456;0.7984224364592463;0.6344232219311837;0.6404199475065617
889;0.7977426546841776;0.8001752848378615;0.6313223095780027;0.6377952755905512
890;0.7959517088655456;0.7984224364592463;0.633853931253729;0.6404199475065617
891;0.7959517088655456;0.7984224364592463;0.633853931253729;0.6404199475065617
892;0.7968842010472863;0.7992988606485539;0.633853931253729;0.6404199475065617
893;0.7968842010472863;0.7992988606485539;0.633853931253729;0.6404199475065617
894;0.7977807876588336;0.8001752848378615;0.633853931253729;0.6404199475065617
895;0.7959228742819251;0.7984224364592463;0.6313223095780027;0.6377952755905512
896;0.7959228742819251;0.7984224364592463;0.6363067626077016;0.6430446194225722
897;0.7968191907784946;0.7992988606485539;0.6363067626077016;0.6430446194225722
898;0.7968191907784946;0.7992988606485539;0.631400480550424;0.6377952755905512
899;0.797714586973589;0.8001752848378615;0.628329368902515;0.6351706036745407
900;0.7977807876588336;0.8001752848378615;0.631400480550424;0.6377952755905512
901;0.7968191907784946;0.7992988606485539;0.633853931253729;0.6404199475065617
902;0.797714586973589;0.8001752848378615;0.631400480550424;0.6377952755905512
903;0.7968191907784946;0.7992988606485539;0.631400480550424;0.6377952755905512
904;0.7986764509836909;0.8010517090271692;0.6307809366664298;0.6377952755905512
905;0.7986764509836909;0.8010517090271692;0.6307809366664298;0.6377952755905512
906;0.7986764509836909;0.8010517090271692;0.6307809366664298;0.6377952755905512
907;0.7994950493879472;0.8019281332164768;0.6307809366664298;0.6377952755905512
908;0.7994950493879472;0.8019281332164768;0.6282581613616846;0.6351706036745407
909;0.7994950493879472;0.8019281332164768;0.6282581613616846;0.6351706036745407
910;0.7994950493879472;0.8019281332164768;0.6282581613616846;0.6351706036745407
911;0.8003338145856205;0.8028045574057844;0.6258108182298382;0.6325459317585301
912;0.7994950493879472;0.8019281332164768;0.6258108182298382;0.6325459317585301
913;0.79859925892355;0.8010517090271692;0.6258108182298382;0.6325459317585301
914;0.79859925892355;0.8010517090271692;0.6258108182298382;0.6325459317585301
915;0.7994376316837941;0.8019281332164768;0.6258108182298382;0.6325459317585301
916;0.8003338145856205;0.8028045574057844;0.6258108182298382;0.6325459317585301
917;0.7993704492975701;0.8019281332164768;0.6258108182298382;0.6325459317585301
918;0.7993704492975701;0.8019281332164768;0.6258108182298382;0.6325459317585301
919;0.7993704492975701;0.8019281332164768;0.6258108182298382;0.6325459317585301
920;0.7993704492975701;0.8019281332164768;0.6258108182298382;0.6325459317585301
921;0.7993704492975701;0.8019281332164768;0.6258108182298382;0.6325459317585301
922;0.7986200665819886;0.8010517090271692;0.6282581613616846;0.6351706036745407
923;0.7995161234611583;0.8019281332164768;0.6282581613616846;0.6351706036745407
924;0.8003338145856205;0.8028045574057844;0.6304018390219932;0.6377952755905512
925;0.7993704492975701;0.8019281332164768;0.6328400573025323;0.6404199475065617
926;0.8003338145856205;0.8028045574057844;0.6328400573025323;0.6404199475065617
927;0.8003338145856205;0.8028045574057844;0.6304018390219932;0.6377952755905512
928;0.8003338145856205;0.8028045574057844;0.6304018390219932;0.6377952755905512
929;0.8003428922961796;0.8028045574057844;0.6304018390219932;0.6377952755905512
930;0.8012375026108066;0.803680981595092;0.6279631070769466;0.6351706036745407
931;0.8012375026108066;0.803680981595092;0.6279631070769466;0.6351706036745407
932;0.8002734123421114;0.8028045574057844;0.6310892681474937;0.6377952755905512
933;0.7994548845603654;0.8019281332164768;0.6310892681474937;0.6377952755905512
934;0.8002734123421114;0.8028045574057844;0.6310892681474937;0.6377952755905512
935;0.7994548845603654;0.8019281332164768;0.6310892681474937;0.6377952755905512
936;0.7994548845603654;0.8019281332164768;0.6310892681474937;0.6377952755905512
937;0.8004185132936301;0.8028045574057844;0.6313835010173625;0.6377952755905512
938;0.8003562846194529;0.8028045574057844;0.6335360250486523;0.6404199475065617
939;0.8003562846194529;0.8028045574057844;0.6335360250486523;0.6404199475065617
940;0.8003663330206467;0.8028045574057844;0.6335360250486523;0.6404199475065617
941;0.8003562846194529;0.8028045574057844;0.6341376001247849;0.6404199475065617
942;0.803015130296338;0.8054338299737073;0.6341376001247849;0.6404199475065617
943;0.8021526290996878;0.8045574057843996;0.6341376001247849;0.6404199475065617
944;0.8021526290996878;0.8045574057843996;0.6341376001247849;0.6404199475065617
945;0.8031127369769542;0.8054338299737073;0.6365862050018718;0.6430446194225722
946;0.8031246814259139;0.8054338299737073;0.6365862050018718;0.6430446194225722
947;0.8031246814259139;0.8054338299737073;0.6365862050018718;0.6430446194225722
948;0.8021641251999435;0.8045574057843996;0.6341376001247849;0.6404199475065617
949;0.8021641251999435;0.8045574057843996;0.6341376001247849;0.6404199475065617
950;0.8021641251999435;0.8045574057843996;0.6341376001247849;0.6404199475065617
951;0.8021641251999435;0.8045574057843996;0.6341376001247849;0.6404199475065617
952;0.8013420633754726;0.803680981595092;0.6341376001247849;0.6404199475065617
953;0.8031246814259139;0.8054338299737073;0.6341376001247849;0.6404199475065617
954;0.8031246814259139;0.8054338299737073;0.6341376001247849;0.6404199475065617
955;0.8013420633754726;0.803680981595092;0.6341376001247849;0.6404199475065617
956;0.8013420633754726;0.803680981595092;0.6341376001247849;0.6404199475065617
957;0.8013420633754726;0.803680981595092;0.6365862050018718;0.6430446194225722
958;0.8013420633754726;0.803680981595092;0.6344232219311837;0.6404199475065617
959;0.8013420633754726;0.803680981595092;0.6365862050018718;0.6430446194225722
960;0.8031957441169412;0.8054338299737073;0.6344232219311837;0.6404199475065617
961;0.8040884140652793;0.8063102541630149;0.6344232219311837;0.6404199475065617
962;0.8049111751176384;0.8071866783523225;0.6365862050018718;0.6430446194225722
963;0.8040183799250461;0.8063102541630149;0.6365862050018718;0.6430446194225722
964;0.8040183799250461;0.8063102541630149;0.6365862050018718;0.6430446194225722
965;0.8030862866177483;0.8054338299737073;0.6335360250486523;0.6404199475065617
966;0.8030862866177483;0.8054338299737073;0.6335360250486523;0.6404199475065617
967;0.8030862866177483;0.8054338299737073;0.6335360250486523;0.6404199475065617
968;0.8030862866177483;0.8054338299737073;0.6335360250486523;0.6404199475065617
969;0.8039784258004065;0.8063102541630149;0.6335360250486523;0.6404199475065617
970;0.8021810920183603;0.8045574057843996;0.6335360250486523;0.6404199475065617
971;0.8021810920183603;0.8045574057843996;0.6335360250486523;0.6404199475065617
972;0.8030862866177483;0.8054338299737073;0.6335360250486523;0.6404199475065617
973;0.8030022491801903;0.8054338299737073;0.6335360250486523;0.6404199475065617
974;0.8039087632439351;0.8063102541630149;0.6335360250486523;0.6404199475065617
975;0.8039087632439351;0.8063102541630149;0.6335360250486523;0.6404199475065617
976;0.8030022491801903;0.8054338299737073;0.6335360250486523;0.6404199475065617
977;0.8039087632439351;0.8063102541630149;0.6335360250486523;0.6404199475065617
978;0.8039087632439351;0.8063102541630149;0.6335360250486523;0.6404199475065617
979;0.8039087632439351;0.8063102541630149;0.6335360250486523;0.6404199475065617
980;0.8039087632439351;0.8063102541630149;0.6335360250486523;0.6404199475065617
981;0.8039087632439351;0.8063102541630149;0.6335360250486523;0.6404199475065617
982;0.8039087632439351;0.8063102541630149;0.6335360250486523;0.6404199475065617
983;0.8039087632439351;0.8063102541630149;0.6335360250486523;0.6404199475065617
984;0.8039087632439351;0.8063102541630149;0.6335360250486523;0.6404199475065617
985;0.8039087632439351;0.8063102541630149;0.6335360250486523;0.6404199475065617
986;0.8039087632439351;0.8063102541630149;0.6335360250486523;0.6404199475065617
987;0.8039087632439351;0.8063102541630149;0.6335360250486523;0.6404199475065617
988;0.8048414286306251;0.8071866783523225;0.6335360250486523;0.6404199475065617
989;0.8048414286306251;0.8071866783523225;0.6335360250486523;0.6404199475065617
990;0.8048414286306251;0.8071866783523225;0.6335360250486523;0.6404199475065617
991;0.8065870616864687;0.8089395267309377;0.6335360250486523;0.6404199475065617
992;0.8039087632439351;0.8063102541630149;0.6335360250486523;0.6404199475065617
993;0.8039087632439351;0.8063102541630149;0.6335360250486523;0.6404199475065617
994;0.8057481570297328;0.8080631025416302;0.6335360250486523;0.6404199475065617
995;0.8057481570297328;0.8080631025416302;0.6335360250486523;0.6404199475065617
996;0.8057481570297328;0.8080631025416302;0.6335360250486523;0.6404199475065617
997;0.8057481570297328;0.8080631025416302;0.6335360250486523;0.6404199475065617
998;0.8057481570297328;0.8080631025416302;0.6335360250486523;0.6404199475065617
999;0.8065870616864687;0.8089395267309377;0.6335360250486523;0.6404199475065617
